{"cameraMode":{"drawMode":0,"name":"Shaded","section":"Shading Mode"},"sceneLighting":true,"audioPlay":false,"sceneViewState":{"showFog":true,"showMaterialUpdate":false,"showSkybox":true,"showFlares":true,"showImageEffects":true,"showParticleSystems":true},"in2DMode":false,"pivot":{"x":8.332109451293946,"y":3.236888885498047,"z":6.5682373046875},"rotation":{"x":-0.2598893642425537,"y":-0.2295888513326645,"z":0.06376233696937561,"w":-0.9357796907424927},"size":13.08925724029541,"orthographic":true}