{"cameraMode":{"drawMode":0,"name":"Shaded","section":"Shading Mode"},"sceneLighting":true,"audioPlay":false,"sceneViewState":{"showFog":true,"showMaterialUpdate":false,"showSkybox":true,"showFlares":true,"showImageEffects":true,"showParticleSystems":true},"in2DMode":false,"pivot":{"x":10.151433944702149,"y":6.269557952880859,"z":6.007048606872559},"rotation":{"x":0.32228708267211916,"y":0.3852453827857971,"z":-0.1456676870584488,"w":0.8523489236831665},"size":24.940752029418947,"orthographic":true}