{"cameraMode":{"drawMode":0,"name":"Shaded","section":"Shading Mode"},"sceneLighting":false,"audioPlay":false,"sceneViewState":{"showFog":true,"showMaterialUpdate":false,"showSkybox":false,"showFlares":true,"showImageEffects":true,"showParticleSystems":true},"in2DMode":false,"pivot":{"x":6.857467174530029,"y":3.0491461753845217,"z":6.951279640197754},"rotation":{"x":0.14437972009181977,"y":-0.2878822684288025,"z":0.043951041996479037,"w":0.945698082447052},"size":7.723754405975342,"orthographic":false}